{
  "walls" : [
    {
      "transform" : {
        "position" : {
          "x" : -0.98891323804855347,
          "y" : 0.21057306230068207,
          "z" : 2.1941184997558594
        },
        "matrix" : [
          [
            -0.99078559875488281,
            0,
            -0.13543890416622162,
            0
          ],
          [
            0,
            1,
            0,
            0
          ],
          [
            0.13543893396854401,
            0,
            -0.99078571796417236,
            0
          ],
          [
            -0.98891323804855347,
            0.21057306230068207,
            2.1941184997558594,
            1
          ]
        ]
      },
      "id" : "244B8288-FF86-4647-A750-D81378E16384",
      "dimensions" : {
        "height" : 3.100776195526123,
        "width" : 3.3850314617156982,
        "thickness" : 0
      }
    },
    {
      "dimensions" : {
        "thickness" : 0,
        "height" : 3.100776195526123,
        "width" : 3.5062360763549805
      },
      "id" : "B59185FC-728C-42FB-A7C7-50052A4944D9",
      "transform" : {
        "matrix" : [
          [
            -0.12638673186302185,
            0,
            0.99198108911514282,
            0
          ],
          [
            0,
            1,
            0,
            0
          ],
          [
            -0.99198108911514282,
            0,
            -0.12638671696186066,
            0
          ],
          [
            0.90957796573638916,
            0.21057306230068207,
            0.68429142236709595,
            1
          ]
        ],
        "position" : {
          "x" : 0.90957796573638916,
          "y" : 0.21057306230068207,
          "z" : 0.68429142236709595
        }
      }
    },
    {
      "transform" : {
        "position" : {
          "x" : -0.54598021507263184,
          "z" : -1.269131064414978,
          "y" : 0.21057306230068207
        },
        "matrix" : [
          [
            0.99193048477172852,
            0,
            0.12678386270999908,
            0
          ],
          [
            0,
            1,
            0,
            0
          ],
          [
            -0.12678387761116028,
            0,
            0.99193042516708374,
            0
          ],
          [
            -0.54598021507263184,
            0.21057306230068207,
            -1.269131064414978,
            1
          ]
        ]
      },
      "id" : "5ADABA46-8942-4DFA-806C-A8735C03BA4A",
      "dimensions" : {
        "width" : 3.3815457820892334,
        "height" : 3.100776195526123,
        "thickness" : 0
      }
    },
    {
      "transform" : {
        "matrix" : [
          [
            0.12734097242355347,
            0,
            -0.99185895919799805,
            0
          ],
          [
            0,
            1,
            0,
            0
          ],
          [
            0.9918590784072876,
            0,
            0.12734097242355347,
            0
          ],
          [
            -2.4444713592529297,
            0.21057306230068207,
            0.2406962513923645,
            1
          ]
        ],
        "position" : {
          "y" : 0.21057306230068207,
          "z" : 0.2406962513923645,
          "x" : -2.4444713592529297
        }
      },
      "id" : "E9F9603A-239F-4AAE-9D6F-D54DC84EFB09",
      "dimensions" : {
        "height" : 3.100776195526123,
        "width" : 3.4766838550567627,
        "thickness" : 0
      }
    }
  ],
  "windows" : [
    {
      "id" : "03AB5336-30AB-4DC0-AF87-9D434175A5ED",
      "dimensions" : {
        "height" : 1.7797216176986694,
        "depth" : 0,
        "width" : 0.8414948582649231
      },
      "transform" : {
        "position" : {
          "z" : 1.4166399240493774,
          "y" : 0.13756571710109711,
          "x" : -2.5954461097717285
        }
      }
    },
    {
      "transform" : {
        "position" : {
          "y" : 0.17063219845294952,
          "z" : 0.27077081799507141,
          "x" : -2.4483327865600586
        }
      },
      "id" : "3D03708F-CC9C-43A1-9266-8C50EAD28BC3",
      "dimensions" : {
        "width" : 1.0240492820739746,
        "depth" : 0,
        "height" : 1.642888069152832
      }
    },
    {
      "dimensions" : {
        "depth" : 0,
        "height" : 0.57299900054931641,
        "width" : 1.0128604173660278
      },
      "transform" : {
        "position" : {
          "x" : -2.3132925033569336,
          "y" : 0.22590981423854828,
          "z" : -0.78105694055557251
        }
      },
      "id" : "C6FC4C7D-E9B4-4735-AA87-1D19452E21F4"
    }
  ],
  "dimensions" : {
    "length" : 3.463249683380127,
    "height" : 3.100776195526123,
    "width" : 6.8455090522766113
  },
  "doors" : [
    {
      "dimensions" : {
        "depth" : 0,
        "width" : 0.83114629983901978,
        "height" : 2.0530309677124023
      },
      "id" : "659BCF78-BDFF-499E-8A2E-CF7E6FAB08DA",
      "transform" : {
        "position" : {
          "x" : -0.14296680688858032,
          "z" : 2.3097584247589111,
          "y" : -0.31329953670501709
        }
      }
    },
    {
      "id" : "727DF226-BF1E-4D32-B92D-4230A8E855EE",
      "transform" : {
        "position" : {
          "x" : 0.86173903942108154,
          "y" : -0.29203298687934875,
          "z" : 1.0597687959671021
        }
      },
      "dimensions" : {
        "height" : 2.0955638885498047,
        "width" : 0.95699071884155273,
        "depth" : 0
      }
    }
  ],
  "objects" : [
    {
      "id" : "F896D48B-BFE9-4D67-BE24-282470E7CEF5",
      "transform" : {
        "position" : {
          "x" : -0.19801963865756989,
          "y" : -0.93753236532211304,
          "z" : -0.93576830625534058
        }
      },
      "dimensions" : {
        "depth" : 0.55311393737792969,
        "height" : 0.8045651912689209,
        "width" : 1.1143611669540405
      },
      "confidence" : "high",
      "category" : "table"
    },
    {
      "transform" : {
        "position" : {
          "z" : 1.6651170253753662,
          "x" : -1.1857061386108398,
          "y" : -0.93610447645187378
        }
      },
      "confidence" : "high",
      "category" : "table",
      "id" : "1E432557-08F1-48C2-AD64-06D187DB1131",
      "dimensions" : {
        "depth" : 1.1953251361846924,
        "width" : 0.97494786977767944,
        "height" : 0.80742108821868896
      }
    },
    {
      "id" : "F0524A5D-E475-4A9B-980F-2A71B43C41F8",
      "dimensions" : {
        "height" : 0.80871307849884033,
        "width" : 0.93513792753219604,
        "depth" : 0.35110312700271606
      },
      "category" : "storage",
      "transform" : {
        "position" : {
          "x" : -1.7729191780090332,
          "y" : -0.93545836210250854,
          "z" : -1.2388914823532104
        }
      },
      "confidence" : "high"
    },
    {
      "confidence" : "high",
      "id" : "6E8ABE0E-3B22-4752-A77A-38455B278BAE",
      "category" : "storage",
      "dimensions" : {
        "depth" : 0.31217330694198608,
        "height" : 0.7236703634262085,
        "width" : 0.73036473989486694
      },
      "transform" : {
        "position" : {
          "z" : 1.9118947982788086,
          "y" : -0.97797983884811401,
          "x" : 0.58574175834655762
        }
      }
    },
    {
      "dimensions" : {
        "depth" : 0.50781542062759399,
        "width" : 0.511127769947052,
        "height" : 0.79790794849395752
      },
      "category" : "storage",
      "confidence" : "low",
      "transform" : {
        "position" : {
          "x" : -0.89183914661407471,
          "y" : -0.94086092710494995,
          "z" : -1.0472824573516846
        }
      },
      "id" : "A4EF8F4A-6275-4DF2-92D3-9CC2163A32B0"
    },
    {
      "dimensions" : {
        "depth" : 0.6115918755531311,
        "width" : 0.61232441663742065,
        "height" : 1.1411788463592529
      },
      "category" : "chair",
      "transform" : {
        "position" : {
          "z" : -0.064082324504852295,